دسته‌بندی سطح یک,دسته‌بندی سطح دو,دسته‌بندی سه,"کارمزد
خرده فروشی","کارمزد
عمده فروشی"
مواد غذایی,آجیل و خشکبار,آجیل,9.0%,4.0%
مواد غذایی,آجیل و خشکبار,آلو خشک,9.0%,4.0%
مواد غذایی,آجیل و خشکبار,بادام درختی,9.0%,4.0%
مواد غذایی,آجیل و خشکبار,بادام زمینی,9.0%,4.0%
مواد غذایی,آجیل و خشکبار,بادام هندی,9.0%,4.0%
مواد غذایی,آجیل و خشکبار,پسته,9.0%,4.0%
مواد غذایی,آجیل و خشکبار,تخمه,9.0%,4.0%
مواد غذایی,آجیل و خشکبار,خرما,9.0%,4.0%
مواد غذایی,آجیل و خشکبار,سنجد,9.0%,4.0%
مواد غذایی,آجیل و خشکبار,فندق,9.0%,4.0%
مواد غذایی,آجیل و خشکبار,کشمش ، نخودچی و مویز,9.0%,4.0%
مواد غذایی,آجیل و خشکبار,گردو,9.0%,4.0%
مواد غذایی,آجیل و خشکبار,میوه خشک,9.0%,4.0%
مواد غذایی,آماده و نیمه آماده,آماده طبخ,9.0%,4.0%
مواد غذایی,آماده و نیمه آماده,طبخ شده,9.0%,4.0%
مواد غذایی,آماده و نیمه آماده,غذای کودک,9.0%,4.0%
مواد غذایی,آماده و نیمه آماده,کمپوت,9.0%,4.0%
مواد غذایی,آماده و نیمه آماده,کنسرو,9.0%,4.0%
مواد غذایی,ادویه و چاشنی,آبغوره,9.0%,4.0%
مواد غذایی,ادویه و چاشنی,آبلیمو,9.0%,4.0%
مواد غذایی,ادویه و چاشنی,ادویه,9.0%,4.0%
مواد غذایی,ادویه و چاشنی,سس,9.0%,4.0%
مواد غذایی,ادویه و چاشنی,خلال‌ها,9.0%,4.0%
مواد غذایی,ادویه و چاشنی,رب ها,9.0%,4.0%
مواد غذایی,ادویه و چاشنی,زرشک,9.0%,4.0%
مواد غذایی,ادویه و چاشنی,زعفران,9.0%,4.0%
مواد غذایی,ادویه و چاشنی,سبزی خشک,9.0%,4.0%
مواد غذایی,ادویه و چاشنی,سرکه,9.0%,4.0%
مواد غذایی,ادویه و چاشنی,نشاسته,9.0%,4.0%
مواد غذایی,برای صبحانه,ارده,7.0%,4.0%
مواد غذایی,برای صبحانه,حلوا ارده و شکری,7.0%,4.0%
مواد غذایی,برای صبحانه,شیره,9.0%,4.0%
مواد غذایی,برای صبحانه,کره مغز ها,9.0%,4.0%
مواد غذایی,برای صبحانه,کنجد,6.0%,3.0%
مواد غذایی,برای صبحانه,مربا,9.0%,4.0%
مواد غذایی,ترشی و شور,ترشی,9.0%,4.0%
مواد غذایی,ترشی و شور,خیارشور و شور,7.0%,3.0%
مواد غذایی,ترشی و شور,زیتون,9.0%,3.0%
مواد غذایی,خوار و بار,آرد,5.0%,2.0%
مواد غذایی,خوار و بار,برنج,5.0%,2.0%
مواد غذایی,خوار و بار,حبوبات و سویا,5.0%,2.0%
مواد غذایی,خوار و بار,روغن‌های خوراکی,7.0%,2.0%
مواد غذایی,خوار و بار,سویق و پودر جوانه,6.0%,2.0%
مواد غذایی,خوار و بار,غلات,5.0%,2.0%
مواد غذایی,خوار و بار,قند و شکر,4.0%,2.0%
مواد غذایی,خوار و بار,ماکارونی، پاستا و رشته,5.0%,2.0%
مواد غذایی,خوار و بار,نان,4.0%,2.0%
مواد غذایی,شیرینی و تنقلات,ترشک و لواشک,8.0%,4.0%
مواد غذایی,شیرینی و تنقلات,تنقلات,9.0%,4.0%
مواد غذایی,شیرینی و تنقلات,حلوا,9.0%,4.0%
مواد غذایی,شیرینی و تنقلات,دسر,9.0%,4.0%
مواد غذایی,شیرینی و تنقلات,سوهان,9.0%,4.0%
مواد غذایی,شیرینی و تنقلات,شکلات و آبنبات,9.0%,4.0%
مواد غذایی,شیرینی و تنقلات,شیرینی,9.0%,4.0%
مواد غذایی,شیرینی و تنقلات,کلوچه و نان شیرینی,9.0%,4.0%
مواد غذایی,شیرینی و تنقلات,کیک,9.0%,4.0%
مواد غذایی,شیرینی و تنقلات,گز,9.0%,4.0%
مواد غذایی,شیرینی و تنقلات,نبات,9.0%,4.0%
مواد غذایی,عسل و فراورده های عسل,بره موم,9.0%,4.0%
مواد غذایی,عسل و فراورده های عسل,عسل,9.0%,3.0%
مواد غذایی,عسل و فراورده های عسل,فرآورده های عسل,9.0%,4.0%
مواد غذایی,عسل و فراورده های عسل,گرده گل,9.0%,4.0%
مواد غذایی,لبنیات,پنیر,6.0%,3.0%
مواد غذایی,لبنیات,خامه و سرشیر,6.0%,3.0%
مواد غذایی,لبنیات,دوغ,6.0%,3.0%
مواد غذایی,لبنیات,شیر,6.0%,3.0%
مواد غذایی,لبنیات,کره,6.0%,3.0%
مواد غذایی,لبنیات,کشک و قره قوروت,9.0%,3.0%
مواد غذایی,لبنیات,ماست,6.0%,3.0%
مواد غذایی,محصولات پروتئینی,پنیر پخت و پز,6.0%,3.0%
مواد غذایی,محصولات پروتئینی,تخم سایر طیور,8.0%,3.0%
مواد غذایی,محصولات پروتئینی,تخم مرغ,8.0%,2.0%
مواد غذایی,محصولات پروتئینی,سوسیس و کالباس,7.0%,3.0%
مواد غذایی,محصولات پروتئینی,گوشت آبزیان,6.0%,3.0%
مواد غذایی,محصولات پروتئینی,گوشت قرمز,4.0%,2.0%
مواد غذایی,محصولات پروتئینی,گوشت مرغ و طیور,7.0%,2.0%
مواد غذایی,محصولات پروتئینی,همبرگر و کباب لقمه,6.0%,3.0%
مواد غذایی,میوه و صیفی تازه,صیفی تازه,6.0%,3.0%
مواد غذایی,میوه و صیفی تازه,میوه تازه,6.0%,2.0%
مواد غذایی,نوشیدنی,آب معدنی,9.0%,3.0%
مواد غذایی,نوشیدنی,آبمیوه و شربت,9.0%,3.0%
مواد غذایی,نوشیدنی,چای,9.0%,3.0%
مواد غذایی,نوشیدنی,دمنوش,9.0%,3.0%
مواد غذایی,نوشیدنی,عرقیات,9.0%,3.0%
مواد غذایی,نوشیدنی,قهوه,9.0%,3.0%
مواد غذایی,نوشیدنی,محصولات کافئین دار,9.0%,3.0%
مواد غذایی,نوشیدنی,نوشابه و ماء الشعیر,9.0%,3.0%
مواد غذایی,نوشیدنی,نوشیدنی انرژی زا,9.0%,3.0%
مد و پوشاک,پسرانه,اکسسوری و ساعت پسرانه,14.0%,5.0%
مد و پوشاک,پسرانه,بلوز، پیراهن و تیشرت پسرانه,14.0%,5.0%
مد و پوشاک,پسرانه,جوراب پسرانه,14.0%,5.0%
مد و پوشاک,پسرانه,سویشرت، هودی و ژاکت پسرانه,14.0%,5.0%
مد و پوشاک,پسرانه,شلوار، شلوارک و سرهمی پسرانه,14.0%,5.0%
مد و پوشاک,پسرانه,کاپشن ، کت و جلیقه پسرانه,14.0%,5.0%
مد و پوشاک,پسرانه,کفش و دمپایی پسرانه,14.0%,5.0%
مد و پوشاک,پسرانه,کلاه، شالگردن و دستکش پسرانه,14.0%,5.0%
مد و پوشاک,پسرانه,کیف پسرانه,14.0%,5.0%
مد و پوشاک,پسرانه,لباس زیر پسرانه,14.0%,5.0%
مد و پوشاک,پسرانه,لباس ست پسرانه,14.0%,5.0%
مد و پوشاک,دخترانه,اکسسوری دخترانه,14.0%,5.0%
مد و پوشاک,دخترانه,بلوز، پیراهن و سارافون دخترانه,14.0%,5.0%
مد و پوشاک,دخترانه,پالتو و کاپشن دخترانه,14.0%,5.0%
مد و پوشاک,دخترانه,تاپ، تیشرت و شلوارک دخترانه,14.0%,5.0%
مد و پوشاک,دخترانه,جوراب و جوراب شلواری دخترانه,14.0%,5.0%
مد و پوشاک,دخترانه,دامن دخترانه,14.0%,5.0%
مد و پوشاک,دخترانه,زیورآلات دخترانه,14.0%,5.0%
مد و پوشاک,دخترانه,ساعت دخترانه,14.0%,5.0%
مد و پوشاک,دخترانه,سویشرت، هودی و ژاکت دخترانه,14.0%,5.0%
مد و پوشاک,دخترانه,شال و روسری دخترانه,14.0%,5.0%
مد و پوشاک,دخترانه,شلوار و سرهمی دخترانه,14.0%,5.0%
مد و پوشاک,دخترانه,کفش و دمپایی دخترانه,14.0%,5.0%
مد و پوشاک,دخترانه,کلاه، شالگردن و دستکش دخترانه,14.0%,5.0%
مد و پوشاک,دخترانه,کیف دخترانه,14.0%,5.0%
مد و پوشاک,دخترانه,لباس زیر دخترانه,14.0%,5.0%
مد و پوشاک,دخترانه,لباس ست دخترانه,14.0%,5.0%
مد و پوشاک,زنانه,اکسسوری زنانه,14.0%,5.0%
مد و پوشاک,زنانه,بلوز، پیراهن و شومیز زنانه,14.0%,5.0%
مد و پوشاک,زنانه,پالتو، بارانی و کاپشن زنانه,14.0%,5.0%
مد و پوشاک,زنانه,تاپ و تیشرت زنانه,14.0%,5.0%
مد و پوشاک,زنانه,جوراب، ساق و ساپورت زنانه,14.0%,5.0%
مد و پوشاک,زنانه,چادر و پوشش اسلامی,14.0%,5.0%
مد و پوشاک,زنانه,دامن زنانه,14.0%,5.0%
مد و پوشاک,زنانه,زیورآلات زنانه,14.0%,5.0%
مد و پوشاک,زنانه,ساعت زنانه,14.0%,5.0%
مد و پوشاک,زنانه,سویشرت، هودی و ژاکت زنانه,14.0%,5.0%
مد و پوشاک,زنانه,شال و روسری زنانه,14.0%,5.0%
مد و پوشاک,زنانه,شلوار و سرهمی زنانه,14.0%,5.0%
مد و پوشاک,زنانه,عینک زنانه,14.0%,5.0%
مد و پوشاک,زنانه,کت و ست رسمی زنانه,14.0%,5.0%
مد و پوشاک,زنانه,کفش و دمپایی زنانه,14.0%,5.0%
مد و پوشاک,زنانه,کلاه، شالگردن و دستکش زنانه,14.0%,5.0%
مد و پوشاک,زنانه,کیف زنانه,14.0%,5.0%
مد و پوشاک,زنانه,لباس بارداری,14.0%,5.0%
مد و پوشاک,زنانه,لباس راحتی و خواب زنانه,14.0%,5.0%
مد و پوشاک,زنانه,لباس زیر زنانه,14.0%,5.0%
مد و پوشاک,زنانه,مانتو و تونیک,14.0%,5.0%
مد و پوشاک,مردانه,اکسسوری مردانه,14.0%,5.0%
مد و پوشاک,مردانه,بلوز و پیراهن مردانه,14.0%,5.0%
مد و پوشاک,مردانه,پالتو و کاپشن مردانه,14.0%,5.0%
مد و پوشاک,مردانه,تیشرت و پولوشرت مردانه,14.0%,5.0%
مد و پوشاک,مردانه,جوراب مردانه,14.0%,5.0%
مد و پوشاک,مردانه,زیورآلات مردانه,14.0%,5.0%
مد و پوشاک,مردانه,ساعت مردانه,14.0%,5.0%
مد و پوشاک,مردانه,سویشرت ، هودی و ژاکت مردانه,14.0%,5.0%
مد و پوشاک,مردانه,شلوار و شلوارک مردانه,14.0%,5.0%
مد و پوشاک,مردانه,عینک مردانه,14.0%,5.0%
مد و پوشاک,مردانه,کت و شلوار و جلیقه مردانه,14.0%,5.0%
مد و پوشاک,مردانه,کفش، دمپایی مردانه,14.0%,5.0%
مد و پوشاک,مردانه,کلاه، شالگردن و دستکش مردانه,14.0%,5.0%
مد و پوشاک,مردانه,کیف مردانه,14.0%,5.0%
مد و پوشاک,مردانه,لباس راحتی مردانه,14.0%,5.0%
مد و پوشاک,مردانه,لباس زیر مردانه,14.0%,5.0%
مد و پوشاک,نوزادی,اکسسوری نوزادی,14.0%,5.0%
مد و پوشاک,نوزادی,بلوز، پیراهن نوزادی,14.0%,5.0%
مد و پوشاک,نوزادی,ست نوزادی,14.0%,5.0%
مد و پوشاک,نوزادی,شلوار و سرهمی نوزادی,14.0%,5.0%
مد و پوشاک,نوزادی,کفش و پاپوش نوزادی,14.0%,5.0%
مد و پوشاک,نوزادی,لباس زیر نوزاد,14.0%,5.0%
خانه و آشپزخانه,ابزار و مواد شوینده,ابزار نظافت,10.0%,4.0%
خانه و آشپزخانه,ابزار و مواد شوینده,شوینده سطوح,8.0%,3.0%
خانه و آشپزخانه,ابزار و مواد شوینده,شوینده ظروف,8.0%,3.0%
خانه و آشپزخانه,ابزار و مواد شوینده,شوینده لباس,8.0%,3.0%
خانه و آشپزخانه,ابزار و مواد شوینده,ضد عفونی کننده,8.0%,3.0%
خانه و آشپزخانه,ابزار و مواد شوینده,مایع دستشویی,8.0%,3.0%
خانه و آشپزخانه,ابزار و مواد شوینده,سایر ابزار و مواد شوینده,11.0%,5.0%
خانه و آشپزخانه,پت شاپ,اسباب بازی و اکسسوری حیوانات,12.0%,5.0%
خانه و آشپزخانه,پت شاپ,تجهیزات آبزیان,12.0%,5.0%
خانه و آشپزخانه,پت شاپ,خواب و قفس حیوانات,12.0%,5.0%
خانه و آشپزخانه,پت شاپ,شستشو و مراقبت حیوانات,12.0%,5.0%
خانه و آشپزخانه,پت شاپ,غذای پرندگان,12.0%,5.0%
خانه و آشپزخانه,پت شاپ,غذای ماهی و میگو,12.0%,5.0%
خانه و آشپزخانه,پرده و پارچه,پارچه,9.0%,3.0%
خانه و آشپزخانه,پرده و پارچه,پرده و ملزومات پرده,10.0%,5.0%
خانه و آشپزخانه,پرده و پارچه,پرده,9.0%,3.0%
خانه و آشپزخانه,دکوری و تزئینی,آینه و تابلو,9.0%,4.0%
خانه و آشپزخانه,دکوری و تزئینی,استیکر و مگنت,9.0%,4.0%
خانه و آشپزخانه,دکوری و تزئینی,رومیزی و رانر,9.0%,4.0%
خانه و آشپزخانه,دکوری و تزئینی,ساعت دیواری و دکوری,9.0%,4.0%
خانه و آشپزخانه,دکوری و تزئینی,شلف و استند,9.0%,4.0%
خانه و آشپزخانه,دکوری و تزئینی,شمع,9.0%,4.0%
خانه و آشپزخانه,دکوری و تزئینی,گل مصنوعی,10.0%,4.0%
خانه و آشپزخانه,دکوری و تزئینی,لوازم مهمانی,9.0%,4.0%
خانه و آشپزخانه,دکوری و تزئینی,مجسمه و تندیس,9.0%,4.0%
خانه و آشپزخانه,دکوری و تزئینی,سایر دکوری و تزئینی,10.0%,4.0%
خانه و آشپزخانه,فرش و تابلو فرش,پادری، روفرشی و پشتی,8.0%,3.0%
خانه و آشپزخانه,فرش و تابلو فرش,تابلو فرش,7.0%,3.0%
خانه و آشپزخانه,فرش و تابلو فرش,جاجیم و گبه,7.0%,3.0%
خانه و آشپزخانه,فرش و تابلو فرش,فرش دستباف,5.0%,2.0%
خانه و آشپزخانه,فرش و تابلو فرش,فرش ماشینی,5.0%,2.0%
خانه و آشپزخانه,فرش و تابلو فرش,فرش مدرن,7.0%,3.0%
خانه و آشپزخانه,فرش و تابلو فرش,گلیم و قالیچه,7.0%,3.0%
خانه و آشپزخانه,فرش و تابلو فرش,ملزومات فرش و موکت,8.0%,3.0%
خانه و آشپزخانه,فرش و تابلو فرش,موکت,7.0%,3.0%
خانه و آشپزخانه,فرش و تابلو فرش,سایر فرش و تابلو فرش,9.0%,5.0%
خانه و آشپزخانه,کالای خواب,بالش و کوسن,8.0%,3.0%
خانه و آشپزخانه,کالای خواب,تخت خواب,8.0%,3.0%
خانه و آشپزخانه,کالای خواب,تشک,8.0%,3.0%
خانه و آشپزخانه,کالای خواب,روتختی و پتو,8.5%,3.0%
خانه و آشپزخانه,کالای خواب,ملحفه و روبالشی,10.0%,4.0%
خانه و آشپزخانه,کالای خواب,سایر کالای خواب,11.0%,5.0%
خانه و آشپزخانه,گل و گیاه,باکس گل و هدیه,10.0%,4.0%
خانه و آشپزخانه,گل و گیاه,گیاهان آپارتمانی,10.0%,5.0%
خانه و آشپزخانه,گل و گیاه,بذر و تخم گیاهان,13.0%,5.0%
خانه و آشپزخانه,گل و گیاه,خاک، کود و آفت کش,13.0%,5.0%
خانه و آشپزخانه,گل و گیاه,گلدان,12.0%,5.0%
خانه و آشپزخانه,گل و گیاه,سایر گل و گیاه,14.0%,5.0%
خانه و آشپزخانه,لوازم آشپزخانه,ابزار قنادی,8.0%,3.0%
خانه و آشپزخانه,لوازم آشپزخانه,پارچ، لیوان و بطری,7.0%,3.0%
خانه و آشپزخانه,لوازم آشپزخانه,دستمال کاغذی و آشپزخانه,8.0%,3.0%
خانه و آشپزخانه,لوازم آشپزخانه,سرویس پارچه ای آشپزخانه,8.0%,3.0%
خانه و آشپزخانه,لوازم آشپزخانه,سطل، سبد و آبکش,8.0%,3.0%
خانه و آشپزخانه,لوازم آشپزخانه,سفره و زیر بشقابی,8.0%,3.0%
خانه و آشپزخانه,لوازم آشپزخانه,ظروف آشپزخانه,8.0%,3.0%
خانه و آشپزخانه,لوازم آشپزخانه,ظروف سرو و پذیرایی,8.0%,3.0%
خانه و آشپزخانه,لوازم آشپزخانه,ظروف یکبار مصرف,8.0%,3.0%
خانه و آشپزخانه,لوازم آشپزخانه,فلاسک، کلمن و ماگ,8.0%,3.0%
خانه و آشپزخانه,لوازم آشپزخانه,قاشق، چنگال و کارد,8.0%,3.0%
خانه و آشپزخانه,لوازم آشپزخانه,لوازم پخت و پز,8.0%,3.0%
خانه و آشپزخانه,لوازم آشپزخانه,لوازم تهیه و سرو چای,8.0%,3.0%
خانه و آشپزخانه,لوازم آشپزخانه,سایر لوازم آشپزخانه,9.0%,5.0%
خانه و آشپزخانه,لوازم برقی,آبمیوه گیری و آب مرکبات گیری,4.0%,2.0%
خانه و آشپزخانه,لوازم برقی,آرام پز، بخارپز و پلوپز,4.0%,2.0%
خانه و آشپزخانه,لوازم برقی,اتو و میز اتو,4.0%,2.0%
خانه و آشپزخانه,لوازم برقی,اجاق گاز و تنور,4.0%,2.0%
خانه و آشپزخانه,لوازم برقی,بخاری و گرمایشی,4.0%,2.0%
خانه و آشپزخانه,لوازم برقی,پنکه,4.0%,2.0%
خانه و آشپزخانه,لوازم برقی,ترازو,5.0%,2.0%
خانه و آشپزخانه,لوازم برقی,تصفیه آب و آب سرد کن,5.0%,2.0%
خانه و آشپزخانه,لوازم برقی,توستر، آون توستر و ساندویچ ساز,4.0%,2.0%
خانه و آشپزخانه,لوازم برقی,جاروبرقی، جاروشارژی و بخارشوی,4.0%,2.0%
خانه و آشپزخانه,لوازم برقی,چای ساز و قهوه ساز,4.0%,2.0%
خانه و آشپزخانه,لوازم برقی,چرخ خیاطی,4.5%,2.0%
خانه و آشپزخانه,لوازم برقی,چرخ گوشت برقی و دستی,4.0%,2.0%
خانه و آشپزخانه,لوازم برقی,خردکن و غذاساز,4.0%,2.0%
خانه و آشپزخانه,لوازم برقی,سرخ کن و کباب پز,3.5%,2.0%
خانه و آشپزخانه,لوازم برقی,کولر گازی و آبی,4.0%,2.0%
خانه و آشپزخانه,لوازم برقی,ماشین ظرفشویی,2.0%,1.0%
خانه و آشپزخانه,لوازم برقی,ماشین لباسشویی,2.0%,1.0%
خانه و آشپزخانه,لوازم برقی,مایکروفر و سولاردوم,3.0%,2.0%
خانه و آشپزخانه,لوازم برقی,میوه خشک کن,4.0%,2.0%
خانه و آشپزخانه,لوازم برقی,همزن و گوشکوب برقی,3.5%,2.0%
خانه و آشپزخانه,لوازم برقی,یخچال و فریزر,2.0%,1.0%
خانه و آشپزخانه,لوازم برقی,کباب پز,5.0%,2.0%
خانه و آشپزخانه,لوازم برقی,کولر گازی,2.0%,1.0%
خانه و آشپزخانه,لوازم برقی,سولاردوم,5.0%,2.0%
خانه و آشپزخانه,لوازم برقی,سایر لوازم برقی,5.0%,3.0%
خانه و آشپزخانه,لوازم حمام و دستشویی,حوله و کلاه حمام,9.0%,3.0%
خانه و آشپزخانه,لوازم حمام و دستشویی,خوشبوکننده و عود,8.0%,3.0%
خانه و آشپزخانه,لوازم حمام و دستشویی,لوازم حمام,8.0%,3.0%
خانه و آشپزخانه,لوازم حمام و دستشویی,لوازم دستشویی,8.0%,3.0%
خانه و آشپزخانه,مبلمان، میز و صندلی,جاکفشی و نظافت کفش,12.0%,5.0%
خانه و آشپزخانه,مبلمان، میز و صندلی,صندلی,8.0%,3.0%
خانه و آشپزخانه,مبلمان، میز و صندلی,کمد، کتابخانه، بوفه,8.0%,3.0%
خانه و آشپزخانه,مبلمان، میز و صندلی,مبل,8.0%,3.0%
خانه و آشپزخانه,مبلمان، میز و صندلی,میز,8.0%,3.0%
خانه و آشپزخانه,مبلمان، میز و صندلی,نظم دهنده لباس,8.0%,3.0%
خانه و آشپزخانه,مبلمان، میز و صندلی,جاکفشی,9.0%,3.0%
خانه و آشپزخانه,مبلمان، میز و صندلی,سایر مبلمان، میز و صندلی,9.0%,4.0%
خانه و آشپزخانه,نور و روشنایی,آباژور,9.0%,3.0%
خانه و آشپزخانه,نور و روشنایی,تجهیزات جانبی نور و روشنایی,10.0%,4.0%
خانه و آشپزخانه,نور و روشنایی,چراغ خواب,9.0%,3.0%
خانه و آشپزخانه,نور و روشنایی,چراغ مطالعه,8.0%,3.0%
خانه و آشپزخانه,نور و روشنایی,ریسه,9.0%,3.0%
خانه و آشپزخانه,نور و روشنایی,لامپ، چراغ و مهتابی,6.5%,3.0%
خانه و آشپزخانه,نور و روشنایی,لوستر,9.0%,3.0%
خانه و آشپزخانه,نور و روشنایی,سایر نور و روشنایی,11.0%,5.0%
صنایع دستی,ابزار کار هنری و دستی,ابزار بافتنی,10.0%,4.0%
صنایع دستی,ابزار کار هنری و دستی,ابزار چرم دوزی,10.0%,4.0%
صنایع دستی,ابزار کار هنری و دستی,ابزار شماره دوزی,10.0%,4.0%
صنایع دستی,ابزار کار هنری و دستی,ابزار گلدوزی,10.0%,4.0%
صنایع دستی,ابزار کار هنری و دستی,ابزار مینا کاری,10.0%,4.0%
صنایع دستی,ابزار کار هنری و دستی,لوازم خیاطی,10.0%,4.0%
صنایع دستی,ابزار کار هنری و دستی,لوازم رزین و ویترای,10.0%,4.0%
صنایع دستی,ابزار کار هنری و دستی,لوازم شمع سازی,10.0%,4.0%
صنایع دستی,چرم دست دوز و طبیعی,اکسسوری چرم دست دوز,10.0%,4.0%
صنایع دستی,چرم دست دوز و طبیعی,کفش چرم دست دوز,10.0%,4.0%
صنایع دستی,چرم دست دوز و طبیعی,کیف چرم دست دوز,10.0%,4.0%
صنایع دستی,چوبی و حصیری,خاتم کاری,10.0%,4.0%
صنایع دستی,چوبی و حصیری,سوخت روی چوب,10.0%,4.0%
صنایع دستی,چوبی و حصیری,قاب دست ساز,10.0%,4.0%
صنایع دستی,چوبی و حصیری,محصولات حصیری,10.0%,4.0%
صنایع دستی,چوبی و حصیری,محصولات خراطی,10.0%,4.0%
صنایع دستی,چوبی و حصیری,معرق کاری,10.0%,4.0%
صنایع دستی,چوبی و حصیری,منبت کاری,10.0%,4.0%
صنایع دستی,سفال، کاشی و سرامیک,دکوراتیو سفالی و سرامیکی,10.0%,4.0%
صنایع دستی,سفال، کاشی و سرامیک,ظروف سرامیکی,10.0%,4.0%
صنایع دستی,سفال، کاشی و سرامیک,ظروف سفالی,10.0%,4.0%
صنایع دستی,سفال، کاشی و سرامیک,کاشی و سرامیک,10.0%,4.0%
صنایع دستی,شیشه و آبگینه,محصولات رزینی,10.0%,4.0%
صنایع دستی,شیشه و آبگینه,محصولات شیشه گری,10.0%,4.0%
صنایع دستی,شیشه و آبگینه,محصولات ویترای,10.0%,4.0%
صنایع دستی,صنایع دستی پارچه ای,ترمه,10.0%,4.0%
صنایع دستی,صنایع دستی پارچه ای,تریکو بافی,10.0%,4.0%
صنایع دستی,صنایع دستی پارچه ای,سوزن دوزی,10.0%,4.0%
صنایع دستی,صنایع دستی پارچه ای,شماره دوزی,10.0%,4.0%
صنایع دستی,صنایع دستی پارچه ای,قلم کاری,10.0%,4.0%
صنایع دستی,صنایع دستی پارچه ای,گلدوزی,10.0%,4.0%
صنایع دستی,صنایع دستی پارچه ای,محصولات بافتنی,10.0%,4.0%
صنایع دستی,صنایع دستی پارچه ای,مکرومه بافی,10.0%,4.0%
صنایع دستی,صنایع دستی پارچه ای,ملیله دوزی,10.0%,4.0%
صنایع دستی,صنایع دستی پارچه ای,منجوق بافی,10.0%,4.0%
صنایع دستی,صنایع دستی سنگی,حکاکی و نقاشی روی سنگ,10.0%,4.0%
صنایع دستی,صنایع دستی سنگی,سنگ های قیمتی,10.0%,4.0%
صنایع دستی,صنایع دستی سنگی,فیروزه کوبی,10.0%,4.0%
صنایع دستی,صنایع دستی سنگی,محصولات استخوانی,10.0%,4.0%
صنایع دستی,صنایع و ظروف فلزی,دکوراتیو مسی,10.0%,4.0%
صنایع دستی,صنایع و ظروف فلزی,ظروف پخت و پز مسی,10.0%,4.0%
صنایع دستی,صنایع و ظروف فلزی,ظروف مسی,10.0%,4.0%
صنایع دستی,صنایع و ظروف فلزی,محصولات برنجی,10.0%,4.0%
صنایع دستی,صنایع و ظروف فلزی,محصولات برنزی,10.0%,4.0%
صنایع دستی,صنایع و ظروف فلزی,محصولات قلم زنی,10.0%,4.0%
صنایع دستی,صنایع و ظروف فلزی,ملیله کاری,10.0%,4.0%
صنایع دستی,صنایع و ظروف فلزی,مینا کاری,10.0%,4.0%
صنایع دستی,کادویی و هدیه,جعبه هدیه,10.0%,4.0%
صنایع دستی,کادویی و هدیه,کارت پستال,10.0%,4.0%
صنایع دستی,کادویی و هدیه,کاغذ و پاکت کادو,10.0%,4.0%
صنایع دستی,کادویی و هدیه,گیفت,10.0%,4.0%
صنایع دستی,هنرهای تجسمی,خوشنویسی,10.0%,4.0%
صنایع دستی,هنرهای تجسمی,مجسمه,10.0%,4.0%
صنایع دستی,هنرهای تجسمی,نقاشی و تابلو,10.0%,4.0%
صنایع دستی,هنرهای تجسمی,نگارگری,10.0%,4.0%
سلامت، درمان و طب,ابزار سلامت و طب,ابزار توانبخشی,6.5%,3.0%
سلامت، درمان و طب,ابزار سلامت و طب,ابزار های پزشکی,7.0%,3.0%
سلامت، درمان و طب,ابزار سلامت و طب,دستگاه بخور,6.5%,3.0%
سلامت، درمان و طب,ابزار سلامت و طب,کمک های اولیه,7.0%,3.0%
سلامت، درمان و طب,ابزار سلامت و طب,کیسه آب گرم و سرد,6.5%,3.0%
سلامت، درمان و طب,ابزار سلامت و طب,لوازم خواب طبی,8.0%,3.0%
سلامت، درمان و طب,ابزار سلامت و طب,ماساژور,8.0%,3.0%
سلامت، درمان و طب,ابزار سلامت و طب,ماسک و شیلد صورت,8.0%,3.0%
سلامت، درمان و طب,ابزار سلامت و طب,محافظ طبی,6.5%,3.0%
سلامت، درمان و طب,ابزار سلامت و طب,مکمل کمک درمانی,7.0%,3.0%
سلامت، درمان و طب,ابزار سلامت و طب,سایر ابزار سلامت و طب,8.5%,4.0%
سلامت، درمان و طب,روغن های مراقبتى و درمانى,روغن های درمانی,15.0%,5.0%
سلامت، درمان و طب,گیاه درمانی,داروهای گیاهی,15.0%,5.0%
سلامت، درمان و طب,گیاه درمانی,گیاهان دارویی,15.0%,5.0%
سلامت، درمان و طب,مراقبت کودک و نوزاد,بهداشت و حمام کودک,9.5%,4.0%
سلامت، درمان و طب,مراقبت کودک و نوزاد,غذاخوری کودک,9.5%,4.0%
سلامت، درمان و طب,مراقبت کودک و نوزاد,لوازم شخصی کودک,9.5%,4.0%
سلامت، درمان و طب,مراقبت کودک و نوزاد,لوازم گردش و سفر کودک,9.5%,4.0%
سلامت، درمان و طب,مراقبت کودک و نوزاد,سایر لوازم مراقبت کودک و نوزاد,10.0%,4.0%
آرایشی و بهداشتی,آرایش چشم و ابرو,آرایش ابرو,12.0%,5.0%
آرایشی و بهداشتی,آرایش چشم و ابرو,آرایش مژه,12.0%,5.0%
آرایشی و بهداشتی,آرایش چشم و ابرو,خط چشم و سرمه,12.0%,5.0%
آرایشی و بهداشتی,آرایش چشم و ابرو,رنگ ابرو,12.0%,5.0%
آرایشی و بهداشتی,آرایش چشم و ابرو,ریمل,12.0%,5.0%
آرایشی و بهداشتی,آرایش چشم و ابرو,سایه چشم,12.0%,5.0%
آرایشی و بهداشتی,آرایش چشم و ابرو,لنز چشم,12.0%,5.0%
آرایشی و بهداشتی,آرایش چشم و ابرو,مداد چشم,12.0%,5.0%
آرایشی و بهداشتی,آرایش چشم و ابرو,مداد و سایه ابرو,12.0%,5.0%
آرایشی و بهداشتی,آرایش صورت,پرایمر,12.0%,5.0%
آرایشی و بهداشتی,آرایش صورت,پنکک,12.0%,5.0%
آرایشی و بهداشتی,آرایش صورت,تثبیت کننده آرایش,12.0%,5.0%
آرایشی و بهداشتی,آرایش صورت,رژ گونه,12.0%,5.0%
آرایشی و بهداشتی,آرایش صورت,کانتور,12.0%,5.0%
آرایشی و بهداشتی,آرایش صورت,کانسیلر,12.0%,5.0%
آرایشی و بهداشتی,آرایش صورت,کرم پودر,12.0%,5.0%
آرایشی و بهداشتی,آرایش صورت,هایلایتر,12.0%,5.0%
آرایشی و بهداشتی,آرایش مو,تجهیزات رنگ مو,12.0%,5.0%
آرایشی و بهداشتی,آرایش مو,حالت دهنده مو,12.0%,5.0%
آرایشی و بهداشتی,آرایش مو,رنگ مو,12.0%,5.0%
آرایشی و بهداشتی,آرایش مو,شانه و برس,12.0%,5.0%
آرایشی و بهداشتی,آرایش و مراقبت لب,بالم لب,12.0%,5.0%
آرایشی و بهداشتی,آرایش و مراقبت لب,رژ لب جامد,12.0%,5.0%
آرایشی و بهداشتی,آرایش و مراقبت لب,رژ لب مایع,12.0%,5.0%
آرایشی و بهداشتی,آرایش و مراقبت لب,مداد و خط لب,12.0%,5.0%
آرایشی و بهداشتی,آرایش و مراقبت لب,مراقبت لب,12.0%,5.0%
آرایشی و بهداشتی,آرایش و مراقبت ناخن,ابزار مانیکور و پدیکور,12.0%,5.0%
آرایشی و بهداشتی,آرایش و مراقبت ناخن,استیکر و نگین ناخن,12.0%,5.0%
آرایشی و بهداشتی,آرایش و مراقبت ناخن,لاک پاک کن,12.0%,5.0%
آرایشی و بهداشتی,آرایش و مراقبت ناخن,لاک ناخن,12.0%,5.0%
آرایشی و بهداشتی,آرایش و مراقبت ناخن,لوازم کاشت و تقویت ناخن,12.0%,5.0%
آرایشی و بهداشتی,آرایش و مراقبت ناخن,ناخن مصنوعی,12.0%,5.0%
آرایشی و بهداشتی,عطر و ادکلن,عطر جیبی,12.0%,5.0%
آرایشی و بهداشتی,عطر و ادکلن,عطر و ادکلن بچگانه,12.0%,5.0%
آرایشی و بهداشتی,عطر و ادکلن,عطر و ادکلن زنانه و مردانه,12.0%,5.0%
آرایشی و بهداشتی,لوازم آرایشی,ابزار ابرو,12.0%,5.0%
آرایشی و بهداشتی,لوازم آرایشی,ابزار تتو,12.0%,5.0%
آرایشی و بهداشتی,لوازم آرایشی,ابزار چشم و مژه,12.0%,5.0%
آرایشی و بهداشتی,لوازم آرایشی,ابزار مو,12.0%,5.0%
آرایشی و بهداشتی,لوازم آرایشی,افترشیو,12.0%,5.0%
آرایشی و بهداشتی,لوازم آرایشی,براش و برس و پد,12.0%,5.0%
آرایشی و بهداشتی,لوازم آرایشی,تیغ و خود تراش,12.0%,5.0%
آرایشی و بهداشتی,لوازم آرایشی,ژل و فوم اصلاح,12.0%,5.0%
آرایشی و بهداشتی,لوازم آرایشی,کش و چسب لیفت,12.0%,5.0%
آرایشی و بهداشتی,لوازم آرایشی,کلاه گیس و اکستنشن,12.0%,5.0%
آرایشی و بهداشتی,لوازم آرایشی,کیف و جعبه لوازم آرایش,12.0%,5.0%
آرایشی و بهداشتی,لوازم آرایشی,سایر لوازم آرايشی,13.0%,5.0%
آرایشی و بهداشتی,لوازم بهداشتی,اسپری و مام,12.0%,5.0%
آرایشی و بهداشتی,لوازم بهداشتی,بادی اسپلش,12.0%,5.0%
آرایشی و بهداشتی,لوازم بهداشتی,بهداشت جنسی,12.0%,5.0%
آرایشی و بهداشتی,لوازم بهداشتی,پد و نوار بهداشتی,12.0%,5.0%
آرایشی و بهداشتی,لوازم بهداشتی,خمیر دندان,12.0%,5.0%
آرایشی و بهداشتی,لوازم بهداشتی,خوشبو کننده و دهان شویه,12.0%,5.0%
آرایشی و بهداشتی,لوازم بهداشتی,ژل شستشو بهداشتی بانوان,12.0%,5.0%
آرایشی و بهداشتی,لوازم بهداشتی,گوش پاک کن,12.0%,5.0%
آرایشی و بهداشتی,لوازم بهداشتی,مسواک,12.0%,5.0%
آرایشی و بهداشتی,لوازم بهداشتی,نخ و خلال دندان,12.0%,5.0%
آرایشی و بهداشتی,لوازم شخصی برقی,اتو و برس حرارتی مو,5.0%,2.0%
آرایشی و بهداشتی,لوازم شخصی برقی,سشوار,5.0%,2.0%
آرایشی و بهداشتی,لوازم شخصی برقی,فر کننده مو,5.0%,2.0%
آرایشی و بهداشتی,لوازم شخصی برقی,لوازم اصلاح بدن,5.0%,2.0%
آرایشی و بهداشتی,لوازم شخصی برقی,ماشین اصلاح,5.5%,2.0%
آرایشی و بهداشتی,لوازم شخصی برقی,سایر لوازم شخصی برقی,5.5%,3.0%
آرایشی و بهداشتی,مراقبت پوست، مو و بدن,آبرسان,12.0%,5.0%
آرایشی و بهداشتی,مراقبت پوست، مو و بدن,اسکراب و لایه بردار,12.0%,5.0%
آرایشی و بهداشتی,مراقبت پوست، مو و بدن,پاک سازی پوست,12.0%,5.0%
آرایشی و بهداشتی,مراقبت پوست، مو و بدن,پاک کننده آرایش و صورت,12.0%,5.0%
آرایشی و بهداشتی,مراقبت پوست، مو و بدن,تقویت کننده مو و ابرو و مژه,12.0%,5.0%
آرایشی و بهداشتی,مراقبت پوست، مو و بدن,تونر پوست و مو,12.0%,5.0%
آرایشی و بهداشتی,مراقبت پوست، مو و بدن,حجم دهنده,12.0%,5.0%
آرایشی و بهداشتی,مراقبت پوست، مو و بدن,روغن‌های پوست و مو,12.0%,5.0%
آرایشی و بهداشتی,مراقبت پوست، مو و بدن,سرم و اسپری مو,12.0%,5.0%
آرایشی و بهداشتی,مراقبت پوست، مو و بدن,شوینده بدن و مو,12.0%,5.0%
آرایشی و بهداشتی,مراقبت پوست، مو و بدن,صابون,12.0%,5.0%
آرایشی و بهداشتی,مراقبت پوست، مو و بدن,کرم دست، صورت و بدن,12.0%,5.0%
آرایشی و بهداشتی,مراقبت پوست، مو و بدن,کرم دور چشم,12.0%,5.0%
آرایشی و بهداشتی,مراقبت پوست، مو و بدن,کرم روشن کننده,12.0%,5.0%
آرایشی و بهداشتی,مراقبت پوست، مو و بدن,کرم ضد آفتاب,12.0%,5.0%
آرایشی و بهداشتی,مراقبت پوست، مو و بدن,کرم مرطوب کننده,12.0%,5.0%
آرایشی و بهداشتی,مراقبت پوست، مو و بدن,کرم مو,12.0%,5.0%
آرایشی و بهداشتی,مراقبت پوست، مو و بدن,کرم و ژل ضد جوش,12.0%,5.0%
آرایشی و بهداشتی,مراقبت پوست، مو و بدن,لوسیون,12.0%,5.0%
آرایشی و بهداشتی,مراقبت پوست، مو و بدن,ماسک صورت,12.0%,5.0%
آرایشی و بهداشتی,مراقبت پوست، مو و بدن,ماسک مو,12.0%,5.0%
آرایشی و بهداشتی,مراقبت پوست، مو و بدن,موبر صورت و بدن,12.0%,5.0%
آرایشی و بهداشتی,مراقبت پوست، مو و بدن,سایر لوازم مراقبت پوست، مو و بدن,13.0%,5.0%
فرهنگی، آموزشی و سرگرمی,ابزار موسیقی,ساز های بادی,11.0%,4.0%
فرهنگی، آموزشی و سرگرمی,ابزار موسیقی,ساز های زهی و آرشه ای,11.0%,4.0%
فرهنگی، آموزشی و سرگرمی,ابزار موسیقی,ساز های کلیددار و الکترونیک,11.0%,4.0%
فرهنگی، آموزشی و سرگرمی,ابزار موسیقی,ساز های کوبه ای,11.0%,4.0%
فرهنگی، آموزشی و سرگرمی,ابزار موسیقی,لوازم جانبی موسیقی,11.0%,4.0%
فرهنگی، آموزشی و سرگرمی,اسباب بازی,اسباب بازی دخترانه,11.0%,4.0%
فرهنگی، آموزشی و سرگرمی,اسباب بازی,اسباب بازی ربات و گجت,11.0%,4.0%
فرهنگی، آموزشی و سرگرمی,اسباب بازی,اسباب بازی فضای باز,11.0%,4.0%
فرهنگی، آموزشی و سرگرمی,اسباب بازی,اسباب بازی موزیکال,11.0%,4.0%
فرهنگی، آموزشی و سرگرمی,اسباب بازی,اسباب بازی نوزاد,11.0%,4.0%
فرهنگی، آموزشی و سرگرمی,اسباب بازی,اسباب بازی وسایل نقلیه,11.0%,4.0%
فرهنگی، آموزشی و سرگرمی,اسباب بازی,تفنگ اسباب بازی و مبارزه,11.0%,4.0%
فرهنگی، آموزشی و سرگرمی,اسباب بازی,عروسک و فیگور,12.0%,4.0%
فرهنگی، آموزشی و سرگرمی,اسباب بازی,ماسک و تنپوش کارتونی,11.0%,4.0%
فرهنگی، آموزشی و سرگرمی,بازی فکری,بازی آموزشی و سرگرمی,9.0%,4.0%
فرهنگی، آموزشی و سرگرمی,بازی فکری,بازی های رومیزی,9.0%,4.0%
فرهنگی، آموزشی و سرگرمی,بازی فکری,پازل,9.0%,4.0%
فرهنگی، آموزشی و سرگرمی,بازی فکری,لگو و خانه سازی,9.0%,4.0%
فرهنگی، آموزشی و سرگرمی,کتاب,ادبیات,9.0%,3.0%
فرهنگی، آموزشی و سرگرمی,کتاب,دفاع مقدس,9.0%,3.0%
فرهنگی، آموزشی و سرگرمی,کتاب,رمان و داستان,9.0%,3.0%
فرهنگی، آموزشی و سرگرمی,کتاب,کتاب آموزش زبان,9.0%,3.0%
فرهنگی، آموزشی و سرگرمی,کتاب,کتاب دانشگاهی,7.0%,3.0%
فرهنگی، آموزشی و سرگرمی,کتاب,کتاب صوتی و الکترونیک,9.0%,3.0%
فرهنگی، آموزشی و سرگرمی,کتاب,کتاب طنز,9.0%,3.0%
فرهنگی، آموزشی و سرگرمی,کتاب,کتاب کمک درسی,7.0%,3.0%
فرهنگی، آموزشی و سرگرمی,کتاب,کتاب موسیقی,9.0%,3.0%
فرهنگی، آموزشی و سرگرمی,کتاب,کتاب های بازاریابی,9.0%,3.0%
فرهنگی، آموزشی و سرگرمی,کتاب,کتاب های حوزوی,9.0%,3.0%
فرهنگی، آموزشی و سرگرمی,کتاب,کتاب های روانشناسی و خودیاری,9.0%,3.0%
فرهنگی، آموزشی و سرگرمی,کتاب,کتاب های کنکور,9.0%,3.0%
فرهنگی، آموزشی و سرگرمی,کتاب,کتاب های مدیریت و رهبری,9.0%,3.0%
فرهنگی، آموزشی و سرگرمی,کتاب,کتاب های مذهبی,9.0%,3.0%
فرهنگی، آموزشی و سرگرمی,کتاب,کودک و نوجوان,9.0%,3.0%
فرهنگی، آموزشی و سرگرمی,کتاب,مدیریت مالی و کسب و کار,9.0%,3.0%
فرهنگی، آموزشی و سرگرمی,کتاب,منابع و مراجع,9.0%,3.0%
فرهنگی، آموزشی و سرگرمی,کتاب,کتاب چاپی,9.0%,3.0%
فرهنگی، آموزشی و سرگرمی,لوازم التحریر,تخته سیاه و وایت برد,9.0%,3.0%
فرهنگی، آموزشی و سرگرمی,لوازم التحریر,چسب,9.0%,3.0%
فرهنگی، آموزشی و سرگرمی,لوازم التحریر,دفتر و کلاسور,9.0%,3.0%
فرهنگی، آموزشی و سرگرمی,لوازم التحریر,کاغذ و مقوا,7.0%,3.0%
فرهنگی، آموزشی و سرگرمی,لوازم التحریر,لوازم اداری,9.0%,3.0%
فرهنگی، آموزشی و سرگرمی,لوازم التحریر,لوازم دانش آموزی,9.0%,3.0%
فرهنگی، آموزشی و سرگرمی,لوازم التحریر,لوازم نقاشی,9.0%,3.0%
فرهنگی، آموزشی و سرگرمی,لوازم التحریر,نوشت افزار,9.0%,3.0%
فرهنگی، آموزشی و سرگرمی,مجلات,مجلات خارجی,9.0%,3.0%
فرهنگی، آموزشی و سرگرمی,مجلات,مجلات داخلی,9.0%,3.0%
فرهنگی، آموزشی و سرگرمی,محصولات مذهبی,آیات و ادعیه کارتی,12.0%,5.0%
فرهنگی، آموزشی و سرگرمی,محصولات مذهبی,تسبیح و صلوات شمار,12.0%,5.0%
فرهنگی، آموزشی و سرگرمی,محصولات مذهبی,جانماز و سجاده,12.0%,5.0%
فرهنگی، آموزشی و سرگرمی,محصولات مذهبی,لوازم مذهبی و عزاداری,12.0%,5.0%
فرهنگی، آموزشی و سرگرمی,محصولات مذهبی,مهر و پایه مهر,12.0%,5.0%
فرهنگی، آموزشی و سرگرمی,نرم افزار و بازی کامپیوتری,مجموعه پک نرم افزاری,12.0%,3.0%
فرهنگی، آموزشی و سرگرمی,نرم افزار و بازی کامپیوتری,نرم افزار آفیس,12.0%,3.0%
فرهنگی، آموزشی و سرگرمی,نرم افزار و بازی کامپیوتری,نرم افزار آموزشی,12.0%,3.0%
فرهنگی، آموزشی و سرگرمی,نرم افزار و بازی کامپیوتری,نرم افزار امنیتی,12.0%,3.0%
فرهنگی، آموزشی و سرگرمی,نرم افزار و بازی کامپیوتری,نرم افزار حسابداری,12.0%,3.0%
فرهنگی، آموزشی و سرگرمی,نرم افزار و بازی کامپیوتری,نرم افزار سیستم عامل,12.0%,3.0%
فرهنگی، آموزشی و سرگرمی,نرم افزار و بازی کامپیوتری,نرم افزار مذهبی,12.0%,3.0%
فرهنگی، آموزشی و سرگرمی,نرم افزار و بازی کامپیوتری,نرم افزارهای گرافیکی,12.0%,3.0%
ورزش و سفر,تجهیزات سفر,تجهیزات پخت و پز مسافرتی,9.0%,3.0%
ورزش و سفر,تجهیزات سفر,تجهیزات کمپینگ و کوهنوردی,10.0%,5.0%
ورزش و سفر,تجهیزات سفر,کالای خواب مسافرتی,10.0%,5.0%
ورزش و سفر,تجهیزات سفر,لوازم بهداشتی مسافرتی,9.0%,5.0%
ورزش و سفر,تجهیزات سفر,میز و صندلی مسافرتی,9.0%,5.0%
ورزش و سفر,تجهیزات سفر,سایر تجهیزات سفر,11.0%,5.0%
ورزش و سفر,چمدان و ساک,چمدان,9.0%,3.0%
ورزش و سفر,چمدان و ساک,ساک,9.0%,3.0%
ورزش و سفر,چمدان و ساک,کیف و کوله ورزشی,10.0%,4.0%
ورزش و سفر,کفش ورزشی و تجهیزات,تجهیزات کفش,10.5%,5.0%
ورزش و سفر,کفش ورزشی و تجهیزات,کفش ورزشی,10.5%,5.0%
ورزش و سفر,لباس ورزشی,لباس ورزشی زنانه و دخترانه,14.0%,5.0%
ورزش و سفر,لباس ورزشی,لباس ورزشی مردانه و پسرانه,14.0%,5.0%
ورزش و سفر,لوازم ورزشی,اکسسوری ورزشی,14.0%,5.0%
ورزش و سفر,لوازم ورزشی,تجهیزات هوازی و تناسب اندام,8.5%,4.0%
ورزش و سفر,لوازم ورزشی,تجهیزات ورزش های آبی,8.5%,4.0%
ورزش و سفر,لوازم ورزشی,تجهیزات ورزش های توپی,8.5%,4.0%
ورزش و سفر,لوازم ورزشی,دستگاه های ورزشی,8.5%,3.0%
ورزش و سفر,لوازم ورزشی,دوچرخه و تجهیزات دوچرخه,8.5%,4.0%
ورزش و سفر,لوازم ورزشی,مکمل ورزشی,7.0%,3.0%
ورزش و سفر,لوازم ورزشی,دوچرخه,6.5%,3.0%
ورزش و سفر,لوازم ورزشی,سایر لوزام ورزشی,15.0%,5.0%
خدمات کسب و کار,بسته بندی و حمل و نقل,ابزار بسته بندی,7.0%,-
خدمات کسب و کار,بسته بندی و حمل و نقل,خدمات حمل و نقل و اسباب کشی,7.0%,-
خدمات کسب و کار,طراحی گرافیک و عکاسی,طراحی و چاپ عکس,7.0%,-
خدمات کسب و کار,طراحی گرافیک و عکاسی,عکاسی,7.0%,-
کالای دیجیتال,صوتی و تصویری,تلویزیون,2.0%,1.0%
کالای دیجیتال,صوتی و تصویری,سینمای خانگی,3.5%,2.0%
کالای دیجیتال,صوتی و تصویری,ساندبار,4.5%,2.0%
کالای دیجیتال,صوتی و تصویری,سیستم صوتی خانگی,4.0%,2.0%
کالای دیجیتال,صوتی و تصویری,رادیو و گرامافون,4.5%,2.0%
کالای دیجیتال,صوتی و تصویری,اندروید باکس,4.5%,2.0%
کالای دیجیتال,صوتی و تصویری,گیرنده دیجیتال,4.5%,2.0%
کالای دیجیتال,صوتی و تصویری,پخش کننده تصویری,4.5%,2.0%
کالای دیجیتال,صوتی و تصویری,سابووفر و آمپلی فایر,4.5%,2.0%
کالای دیجیتال,صوتی و تصویری,لوازم جانبی تلویزیون,5.0%,2.0%
کالای دیجیتال,صوتی و تصویری,تجهیزات استودیویی,3.5%,2.0%
کالای دیجیتال,صوتی و تصویری,سایر صوتی و تصویری,6.0%,3.0%
کالای دیجیتال,کابل، رابط و مبدل,کابل رابط,7.0%,3.0%
کالای دیجیتال,کابل، رابط و مبدل,مبدل و آداپتور,7.0%,3.0%
کالای دیجیتال,کابل، رابط و مبدل,چند راهی برق و محافظ ولتاژ,7.0%,3.0%
کالای دیجیتال,کابل، رابط و مبدل,محافظ و نگهدارنده کابل,7.0%,3.0%
کالای دیجیتال,کابل، رابط و مبدل,سایر کابل و تبدیل,8.0%,3.0%
کالای دیجیتال,کنسول بازی و لوازم جانبی,کنسول بازی,2.0%,1.0%
کالای دیجیتال,کنسول بازی و لوازم جانبی,ست گیمینگ,7.0%,3.0%
کالای دیجیتال,کنسول بازی و لوازم جانبی,بازی رایانه و کنسول,7.0%,3.0%
کالای دیجیتال,کنسول بازی و لوازم جانبی,دسته بازی (گیم پد),7.0%,3.0%
کالای دیجیتال,کنسول بازی و لوازم جانبی,فرمان ماشین بازی,7.0%,3.0%
کالای دیجیتال,کنسول بازی و لوازم جانبی,برچسب و کاور کنسول,8.0%,3.0%
کالای دیجیتال,کنسول بازی و لوازم جانبی,سایر لوازم جانبی کنسول,8.0%,3.0%
کالای دیجیتال,دوربین و لوازم جانبی,دوربین عکاسی,2.5%,1.5%
کالای دیجیتال,دوربین و لوازم جانبی,دوربین فیلمبرداری,2.5%,1.5%
کالای دیجیتال,دوربین و لوازم جانبی,دوربین شکاری و دو چشمی,2.5%,1.5%
کالای دیجیتال,دوربین و لوازم جانبی,دوربین ورزشی و گوپرو,2.5%,1.5%
کالای دیجیتال,دوربین و لوازم جانبی,تلسکوپ,2.5%,1.5%
کالای دیجیتال,دوربین و لوازم جانبی,میکروسکوپ,2.5%,1.5%
کالای دیجیتال,دوربین و لوازم جانبی,لوازم جانبی عکاسی و فیلمبرداری,4.0%,2.0%
کالای دیجیتال,لپتاپ و کامپیوتر,لپ تاپ و نوت بوک,3.0%,1.0%
کالای دیجیتال,لپتاپ و کامپیوتر,کامپیوترهای All-in-One,2.5%,1.0%
کالای دیجیتال,لپتاپ و کامپیوتر,کیس های اسمبل شده,2.5%,1.0%
کالای دیجیتال,لپتاپ و کامپیوتر,کامپیوترهای کوچک (مینی کامپیوتر),2.5%,1.0%
کالای دیجیتال,تجهیزات جانبی کامپیوتر و لپ تاپ,مانیتور و لوازم جانبی,6.5%,3.0%
کالای دیجیتال,تجهیزات جانبی کامپیوتر و لپ تاپ,کیبورد,6.5%,3.0%
کالای دیجیتال,تجهیزات جانبی کامپیوتر و لپ تاپ,ماوس,6.5%,3.0%
کالای دیجیتال,تجهیزات جانبی کامپیوتر و لپ تاپ,ست ماوس و کیبورد,6.5%,3.0%
کالای دیجیتال,تجهیزات جانبی کامپیوتر و لپ تاپ,ماوس پد,6.5%,3.0%
کالای دیجیتال,تجهیزات جانبی کامپیوتر و لپ تاپ,اسپیکر، میکروفون و لوازم جانبی,6.5%,3.0%
کالای دیجیتال,تجهیزات جانبی کامپیوتر و لپ تاپ,کیف و کاور لپ تاپ,6.5%,3.0%
کالای دیجیتال,تجهیزات جانبی کامپیوتر و لپ تاپ,قلم نوری و لوازم جانبی,6.5%,3.0%
کالای دیجیتال,تجهیزات جانبی کامپیوتر و لپ تاپ,کارت خوان و رم ریدر,6.5%,3.0%
کالای دیجیتال,تجهیزات جانبی کامپیوتر و لپ تاپ,وبکم,6.5%,3.0%
کالای دیجیتال,تجهیزات جانبی کامپیوتر و لپ تاپ,دانگل بلوتوث,6.5%,3.0%
کالای دیجیتال,تجهیزات جانبی کامپیوتر و لپ تاپ,دانگل HDMI,7.0%,3.0%
کالای دیجیتال,تجهیزات جانبی کامپیوتر و لپ تاپ,هاب USB,6.5%,3.0%
کالای دیجیتال,تجهیزات جانبی کامپیوتر و لپ تاپ,درایو نوری,6.5%,3.0%
کالای دیجیتال,تجهیزات جانبی کامپیوتر و لپ تاپ,کیس کامپیوتر,2.5%,1.0%
کالای دیجیتال,تجهیزات جانبی کامپیوتر و لپ تاپ,تجهیزات ماینینگ,10.0%,4.0%
کالای دیجیتال,تجهیزات جانبی کامپیوتر و لپ تاپ,کیت تمیز کننده,6.5%,3.0%
کالای دیجیتال,تجهیزات جانبی کامپیوتر و لپ تاپ,سایر لوازم جانبی کامپیوتر و لپ تاپ,8.0%,3.0%
کالای دیجیتال,تجهیزات جانبی کامپیوتر و لپ تاپ,مانیتور,2.5%,1.0%
کالای دیجیتال,قطعات داخلی کامپیوتر و لپ تاپ,خنک‌ کننده و فن,3.5%,1.5%
کالای دیجیتال,قطعات داخلی کامپیوتر و لپ تاپ,قطعات لپ تاپ,3.5%,1.5%
کالای دیجیتال,قطعات داخلی کامپیوتر و لپ تاپ,پاور کامپیوتر,3.5%,1.5%
کالای دیجیتال,قطعات داخلی کامپیوتر و لپ تاپ,پردازنده,3.5%,1.5%
کالای دیجیتال,قطعات داخلی کامپیوتر و لپ تاپ,کارت گرافیک,3.5%,1.5%
کالای دیجیتال,قطعات داخلی کامپیوتر و لپ تاپ,رایزر کارت گرافیک,3.5%,1.5%
کالای دیجیتال,قطعات داخلی کامپیوتر و لپ تاپ,مادربورد,3.5%,1.5%
کالای دیجیتال,قطعات داخلی کامپیوتر و لپ تاپ,کارت صدا,3.5%,1.5%
کالای دیجیتال,قطعات داخلی کامپیوتر و لپ تاپ,سایر قطعات داخلی کامپیوتر,4.0%,1.5%
کالای دیجیتال,تجهیزات ذخیره‌سازی اطلاعات,فلش مموری,4.0%,1.5%
کالای دیجیتال,تجهیزات ذخیره‌سازی اطلاعات,هارد و SSD,3.5%,1.5%
کالای دیجیتال,تجهیزات ذخیره‌سازی اطلاعات,رم کامپیوتر و لپ تاپ,3.5%,1.5%
کالای دیجیتال,تجهیزات ذخیره‌سازی اطلاعات,ذخیره سازی مبتنی بر نوار,3.5%,1.5%
کالای دیجیتال,تجهیزات ذخیره‌سازی اطلاعات,CD و DVD خام,3.5%,1.5%
کالای دیجیتال,تجهیزات ذخیره‌سازی اطلاعات,کارت حافظه,4.0%,1.5%
کالای دیجیتال,تجهیزات ذخیره‌سازی اطلاعات,سایر تجهیزات ذخیره‌سازی اطلاعات,5.0%,2.0%
کالای دیجیتال,باتری و منبع تغذیه,باتری,5.0%,2.0%
کالای دیجیتال,باتری و منبع تغذیه,منبع تغذیه,4.0%,2.0%
کالای دیجیتال,باتری و منبع تغذیه,جاباتری و شارژر باتری,5.0%,2.0%
کالای دیجیتال,باتری و منبع تغذیه,پنل خورشیدی و تجهیزات,5.0%,2.0%
کالای دیجیتال,باتری و منبع تغذیه,کابینت باتری,4.0%,2.0%
کالای دیجیتال,باتری و منبع تغذیه,سایر باتری و منبع تغذیه,5.0%,3.0%
کالای دیجیتال,تجهیزات شبکه و ارتباطات,مودم,3.5%,1.5%
کالای دیجیتال,تجهیزات شبکه و ارتباطات,روتر و اکسس‌ پوینت,3.5%,1.5%
کالای دیجیتال,تجهیزات شبکه و ارتباطات,کابل شبکه,3.5%,1.5%
کالای دیجیتال,تجهیزات شبکه و ارتباطات,کارت شبکه,3.5%,1.5%
کالای دیجیتال,تجهیزات شبکه و ارتباطات,سوییچ و اسپلیتر,3.5%,1.5%
کالای دیجیتال,تجهیزات شبکه و ارتباطات,هاب سوییچ,3.5%,1.5%
کالای دیجیتال,تجهیزات شبکه و ارتباطات,آنتن و تقویت کننده شبکه,3.5%,1.5%
کالای دیجیتال,تجهیزات شبکه و ارتباطات,حافظه و ذخیره‌ساز تحت شبکه,3.5%,1.5%
کالای دیجیتال,تجهیزات شبکه و ارتباطات,لوازم جانبی NAS و سرور,3.5%,1.5%
کالای دیجیتال,تجهیزات شبکه و ارتباطات,سانترال و لوازم جانبی,3.5%,1.5%
کالای دیجیتال,تجهیزات شبکه و ارتباطات,سرور و کامپیوتر سرور,3.5%,1.5%
کالای دیجیتال,تجهیزات شبکه و ارتباطات,تجهیزات فیبر نوری,3.5%,1.5%
کالای دیجیتال,تجهیزات شبکه و ارتباطات,تجهیزات ویپ,3.5%,1.5%
کالای دیجیتال,تجهیزات شبکه و ارتباطات,دانگل کارت شبکه (Wifi),3.5%,1.5%
کالای دیجیتال,تجهیزات شبکه و ارتباطات,رک شبکه و لوازم جانبی,3.5%,1.5%
کالای دیجیتال,تجهیزات شبکه و ارتباطات,دامنه و میزبانی وب,3.5%,1.5%
کالای دیجیتال,تجهیزات شبکه و ارتباطات,ابزار شبکه,3.5%,1.5%
کالای دیجیتال,تجهیزات شبکه و ارتباطات,آداپتور شبکه,3.5%,1.5%
کالای دیجیتال,تجهیزات شبکه و ارتباطات,گجت هوشمند و اینترنت اشیا,3.5%,1.5%
کالای دیجیتال,تجهیزات شبکه و ارتباطات,پچ پنل,3.5%,1.5%
کالای دیجیتال,تجهیزات شبکه و ارتباطات,UTM و فایروال,3.5%,2.0%
کالای دیجیتال,تجهیزات شبکه و ارتباطات,توسعه دهنده محدوده بی سیم,3.5%,1.5%
کالای دیجیتال,تجهیزات شبکه و ارتباطات,تجهیزات ارتباطات سازمانی,3.5%,1.5%
کالای دیجیتال,تجهیزات شبکه و ارتباطات,سایر تجهیزات شبکه و ارتباطات,4.0%,1.5%
کالای دیجیتال,تجهیزات دیجیتال اداری,پرینتر,3.5%,1.5%
کالای دیجیتال,تجهیزات دیجیتال اداری,پرینتر سه بعدی,3.5%,1.5%
کالای دیجیتال,تجهیزات دیجیتال اداری,دستگاه کپی,3.5%,1.5%
کالای دیجیتال,تجهیزات دیجیتال اداری,اسکنر,3.5%,1.5%
کالای دیجیتال,تجهیزات دیجیتال اداری,اسکنر سه بعدی,3.5%,1.5%
کالای دیجیتال,تجهیزات دیجیتال اداری,اسکنر اثر انگشت,3.5%,1.5%
کالای دیجیتال,تجهیزات دیجیتال اداری,لوازم جانبی پرینتر، اسکنر و کپی,3.5%,1.5%
کالای دیجیتال,تجهیزات دیجیتال اداری,تلفن، فکس و لوازم جانبی,3.5%,1.5%
کالای دیجیتال,تجهیزات دیجیتال اداری,تجهیزات اسکناس، چک و خودپرداز,3.5%,1.5%
کالای دیجیتال,تجهیزات دیجیتال اداری,ویدیو پروژکتور و تجهیزات ویدیو کنفرانس,3.5%,1.5%
کالای دیجیتال,تجهیزات دیجیتال اداری,ماشین‌ حساب,6.0%,2.0%
کالای دیجیتال,تجهیزات دیجیتال اداری,پلاتر و لوازم جانبی,3.5%,1.5%
کالای دیجیتال,تجهیزات دیجیتال اداری,کاغذ خردکن و لوازم جانبی,3.5%,1.5%
کالای دیجیتال,تجهیزات دیجیتال اداری,پد امضا,3.5%,1.5%
کالای دیجیتال,تجهیزات دیجیتال اداری,دستگاه کنترل تردد,3.5%,1.5%
کالای دیجیتال,تجهیزات دیجیتال اداری,صحافی و پرس,3.5%,1.5%
کالای دیجیتال,تجهیزات دیجیتال اداری,رول کاغذ,3.5%,1.5%
کالای دیجیتال,تجهیزات دیجیتال اداری,سایر تجهیزات اداری,5.0%,1.5%
کالای دیجیتال,تجهیزات دیجیتال فروشگاهی,صندوق فروشگاهی,3.5%,1.5%
کالای دیجیتال,تجهیزات دیجیتال فروشگاهی,لوازم جانبی کارت خوان و صندوق فروشگاهی,3.5%,1.5%
کالای دیجیتال,تجهیزات دیجیتال فروشگاهی,سیستم نوبت دهی,3.5%,1.5%
کالای دیجیتال,تجهیزات دیجیتال فروشگاهی,بارکد خوان و لوازم جانبی,3.5%,1.5%
کالای دیجیتال,تجهیزات دیجیتال فروشگاهی,تابلو LED و لوازم جانبی,3.5%,1.5%
کالای دیجیتال,تجهیزات دیجیتال فروشگاهی,کیوسک و استند لمسی,3.5%,1.5%
کالای دیجیتال,تجهیزات دیجیتال فروشگاهی,PDA و دیتا کالکتور,3.5%,1.5%
کالای دیجیتال,تجهیزات دیجیتال فروشگاهی,تجهیزات RFID,3.5%,1.5%
کالای دیجیتال,تجهیزات دیجیتال فروشگاهی,دیسپنسر و دستگاه ضدعفونی کننده,3.5%,1.5%
کالای دیجیتال,تجهیزات دیجیتال فروشگاهی,ترازو فروشگاهی,5.0%,2.0%
کالای دیجیتال,تجهیزات دیجیتال فروشگاهی,سایر تجهیزات فروشگاهی,3.5%,1.5%
کالای دیجیتال,سیستم‌های تردد، نظارت و امنیت,آیفون (درب بازکن) و لوازم جانبی,4.5%,2.0%
کالای دیجیتال,سیستم‌های تردد، نظارت و امنیت,دوربین‌های نظارتی و امنیتی,4.5%,2.0%
کالای دیجیتال,سیستم‌های تردد، نظارت و امنیت,گیت ضد سرقت فروشگاهی,4.5%,2.0%
کالای دیجیتال,سیستم‌های تردد، نظارت و امنیت,دزدگیر اماکن و لوازم جانبی,5.0%,2.0%
کالای دیجیتال,سیستم‌های تردد، نظارت و امنیت,ضبط کننده و پکیج سیستم‌های امنیتی,4.5%,2.0%
کالای دیجیتال,سیستم‌های تردد، نظارت و امنیت,بیسیم و لوازم جانبی,5.0%,2.0%
کالای دیجیتال,سیستم‌های تردد، نظارت و امنیت,لوازم جانبی سیستم‌های نظارتی و امنیتی,4.5%,2.0%
کالای دیجیتال,گوشی موبایل,,2.0%,1.0%
کالای دیجیتال,تبلت و کتابخوان,تبلت,2.0%,1.0%
کالای دیجیتال,تبلت و کتابخوان,کتاب خوان و کاغذ دیجیتالی,3.5%,1.5%
کالای دیجیتال,هدفون، هدست و هندزفری,هدفون و هدست سیمی,7.0%,3.0%
کالای دیجیتال,هدفون، هدست و هندزفری,لوازم جانبی هدفون، هدست و هندزفری,8.0%,4.0%
کالای دیجیتال,هدفون، هدست و هندزفری,هدفون و هندزفری بی سیم و بلوتوثی,7.0%,3.0%
کالای دیجیتال,لوازم جانبی موبایل و تبلت,شارژر موبایل و تبلت,7.0%,3.0%
کالای دیجیتال,لوازم جانبی موبایل و تبلت,کیف و کاور موبایل و تبلت,7.0%,3.0%
کالای دیجیتال,لوازم جانبی موبایل و تبلت,محافظ موبایل و تبلت,7.0%,3.0%
کالای دیجیتال,لوازم جانبی موبایل و تبلت,کابل و اتصالات گوشی و تبلت,7.0%,3.0%
کالای دیجیتال,لوازم جانبی موبایل و تبلت,تجهیزات بازی موبایل,8.0%,3.0%
کالای دیجیتال,لوازم جانبی موبایل و تبلت,سیم کارت و لوازم جانبی,6.5%,3.0%
کالای دیجیتال,لوازم جانبی موبایل و تبلت,پایه نگهدارنده گوشی و تبلت,8.0%,3.0%
کالای دیجیتال,لوازم جانبی موبایل و تبلت,لوازم جانبی هدفون و هدست,7.0%,3.0%
کالای دیجیتال,لوازم جانبی موبایل و تبلت,کیبورد تبلت,7.0%,3.0%
کالای دیجیتال,لوازم جانبی موبایل و تبلت,مونوپاد و گیمبال موبایل,7.0%,2.0%
کالای دیجیتال,لوازم جانبی موبایل و تبلت,فن و پنکه USB و شارژی,8.0%,3.0%
کالای دیجیتال,لوازم جانبی موبایل و تبلت,برچسب و استیکر موبایل و لپ تاپ,8.0%,3.0%
کالای دیجیتال,لوازم جانبی موبایل و تبلت,قلم لمسی,7.0%,3.0%
کالای دیجیتال,لوازم جانبی موبایل و تبلت,سایر لوازم جانبی موبایل و تبلت,9.0%,4.0%
کالای دیجیتال,قطعات و لوازم یدکی موبایل و تبلت,باتری گوشی موبایل,6.5%,3.0%
کالای دیجیتال,قطعات و لوازم یدکی موبایل و تبلت,باتری تبلت,6.5%,3.0%
کالای دیجیتال,قطعات و لوازم یدکی موبایل و تبلت,فایل موبایل,6.5%,3.0%
کالای دیجیتال,قطعات و لوازم یدکی موبایل و تبلت,آنتن گوشی و تبلت,6.5%,3.0%
کالای دیجیتال,قطعات و لوازم یدکی موبایل و تبلت,آی سی گوشی و تبلت,6.5%,3.0%
کالای دیجیتال,قطعات و لوازم یدکی موبایل و تبلت,بازر و بلندگو گوشی و تبلت,6.5%,3.0%
کالای دیجیتال,قطعات و لوازم یدکی موبایل و تبلت,برد گوشی,6.5%,3.0%
کالای دیجیتال,قطعات و لوازم یدکی موبایل و تبلت,تاچ و ال سی دی گوشی و تبلت,6.5%,3.0%
کالای دیجیتال,قطعات و لوازم یدکی موبایل و تبلت,جک و سوکت گوشی و تبلت,6.5%,3.0%
کالای دیجیتال,قطعات و لوازم یدکی موبایل و تبلت,جک و کانکتور هدفون,6.5%,3.0%
کالای دیجیتال,قطعات و لوازم یدکی موبایل و تبلت,دکمه پاور گوشی و تبلت,6.5%,3.0%
کالای دیجیتال,قطعات و لوازم یدکی موبایل و تبلت,دوربین گوشی و تبلت,6.5%,3.0%
کالای دیجیتال,قطعات و لوازم یدکی موبایل و تبلت,شیشه دوربین گوشی و تبلت,6.5%,3.0%
کالای دیجیتال,قطعات و لوازم یدکی موبایل و تبلت,سنسور اثر انگشت گوشی,6.5%,3.0%
کالای دیجیتال,قطعات و لوازم یدکی موبایل و تبلت,فلت گوشی,6.5%,3.0%
کالای دیجیتال,قطعات و لوازم یدکی موبایل و تبلت,قاب، شاسی و درب گوشی,10.0%,3.0%
کالای دیجیتال,قطعات و لوازم یدکی موبایل و تبلت,کی پد گوشی,6.5%,3.0%
کالای دیجیتال,قطعات و لوازم یدکی موبایل و تبلت,گلس تعمیراتی گوشی و تبلت,10.0%,4.0%
کالای دیجیتال,قطعات و لوازم یدکی موبایل و تبلت,میکروفن گوشی و تبلت,6.5%,3.0%
کالای دیجیتال,قطعات و لوازم یدکی موبایل و تبلت,ویبره گوشی,6.5%,3.0%
کالای دیجیتال,قطعات و لوازم یدکی موبایل و تبلت,لوازم تعمیرات موبایل، تبلت,6.5%,3.0%
کالای دیجیتال,قطعات و لوازم یدکی موبایل و تبلت,سایر قطعات و لوازم یدکی موبایل و تبلت,11.0%,4.0%
کالای دیجیتال,لوازم الکتریکی همراه,پاوربانک,3.5%,1.0%
کالای دیجیتال,لوازم الکتریکی همراه,لوازم جانبی پاوربانک,5.0%,3.0%
کالای دیجیتال,لوازم الکتریکی همراه,پخش‌کننده MP3 و MP4,4.0%,2.0%
کالای دیجیتال,لوازم الکتریکی همراه,ضبط‌کننده صدا,5.0%,2.0%
کالای دیجیتال,لوازم الکتریکی همراه,مکان‌ یاب و قبله نما,5.0%,2.0%
کالای دیجیتال,لوازم الکتریکی همراه,سایر لوازم الکتریکی همراه,6.0%,3.0%
کالای دیجیتال,ساعت و مچ بند هوشمند,ساعت هوشمند,4.0%,2.0%
کالای دیجیتال,ساعت و مچ بند هوشمند,مچ بند هوشمند,4.5%,2.0%
کالای دیجیتال,ساعت و مچ بند هوشمند,گام شمار,4.5%,2.0%
کالای دیجیتال,ساعت و مچ بند هوشمند,لوازم جانبی ساعت هوشمند,5.0%,2.0%
کالای دیجیتال,کارت هدیه الکترونیکی,,7.0%,3.0%
ابزارآلات و تجهیزات خودرو,ابزار برقی,ابزار اندازه گیری دیجیتال,5.5%,3.0%
ابزارآلات و تجهیزات خودرو,ابزار برقی,اتو لوله,5.5%,3.0%
ابزارآلات و تجهیزات خودرو,ابزار برقی,اره برقی و موتوری,5.5%,3.0%
ابزارآلات و تجهیزات خودرو,ابزار برقی,بکس و آچار ضربه ای,5.5%,3.0%
ابزارآلات و تجهیزات خودرو,ابزار برقی,پیچ گوشتی برقی و شارژی,5.5%,3.0%
ابزارآلات و تجهیزات خودرو,ابزار برقی,دریل و مته,5.5%,3.0%
ابزارآلات و تجهیزات خودرو,ابزار برقی,دستگاه جوش,5.5%,2.0%
ابزارآلات و تجهیزات خودرو,ابزار برقی,دستگاه چسب,5.5%,3.0%
ابزارآلات و تجهیزات خودرو,ابزار برقی,دستگاه مکنده و دمنده,5.5%,3.0%
ابزارآلات و تجهیزات خودرو,ابزار برقی,سشوار صنعتی,5.5%,3.0%
ابزارآلات و تجهیزات خودرو,ابزار برقی,فرز و پروفیل بر,5.5%,3.0%
ابزارآلات و تجهیزات خودرو,ابزار برقی,قطعات الکترونیکی,5.5%,3.0%
ابزارآلات و تجهیزات خودرو,ابزار برقی,هویه و لحیم,5.5%,3.0%
ابزارآلات و تجهیزات خودرو,ابزار برقی,سایر ابزار برقی,6.0%,3.0%
ابزارآلات و تجهیزات خودرو,ابزار غیر برقی,آچار,6.5%,3.0%
ابزارآلات و تجهیزات خودرو,ابزار غیر برقی,ابزار اندازه گیری دستی,6.5%,3.0%
ابزارآلات و تجهیزات خودرو,ابزار غیر برقی,اره,6.5%,3.0%
ابزارآلات و تجهیزات خودرو,ابزار غیر برقی,انبر,6.5%,3.0%
ابزارآلات و تجهیزات خودرو,ابزار غیر برقی,بست و واشر,6.5%,3.0%
ابزارآلات و تجهیزات خودرو,ابزار غیر برقی,پیچ گوشتی و فازمتر,6.5%,3.0%
ابزارآلات و تجهیزات خودرو,ابزار غیر برقی,پیچ و مهره,6.5%,3.0%
ابزارآلات و تجهیزات خودرو,ابزار غیر برقی,تجهیزات باربری,6.5%,3.0%
ابزارآلات و تجهیزات خودرو,ابزار غیر برقی,تجهیزات کارگاهی,6.5%,3.0%
ابزارآلات و تجهیزات خودرو,ابزار غیر برقی,جعبه و کیف ابزار,6.5%,3.0%
ابزارآلات و تجهیزات خودرو,ابزار غیر برقی,چسب صنعتی و حلال چسب,6.5%,3.0%
ابزارآلات و تجهیزات خودرو,ابزار غیر برقی,چکش و تیشه,6.5%,3.0%
ابزارآلات و تجهیزات خودرو,ابزار غیر برقی,ست ابزار,6.5%,3.0%
ابزارآلات و تجهیزات خودرو,ابزار غیر برقی,سوهان، سنباده و سنبه,6.5%,3.0%
ابزارآلات و تجهیزات خودرو,ابزار غیر برقی,شعله افکن,6.5%,3.0%
ابزارآلات و تجهیزات خودرو,ابزار غیر برقی,کاتر,6.5%,3.0%
ابزارآلات و تجهیزات خودرو,ابزار غیر برقی,گیره و پیچ دستی,6.5%,3.0%
ابزارآلات و تجهیزات خودرو,ابزار غیر برقی,لوازم روانکاری,6.5%,3.0%
ابزارآلات و تجهیزات خودرو,ابزار غیر برقی,منگنه کوب و میخ کوب,6.5%,3.0%
ابزارآلات و تجهیزات خودرو,ابزار غیر برقی,میخ,6.5%,3.0%
ابزارآلات و تجهیزات خودرو,ابزار غیر برقی,نردبان,6.5%,3.0%
ابزارآلات و تجهیزات خودرو,ابزار غیر برقی,سایر ابزار غیر برقی,7.0%,4.0%
ابزارآلات و تجهیزات خودرو,تاسیسات,ابزار جوشکاری,5.0%,2.0%
ابزارآلات و تجهیزات خودرو,تاسیسات,پمپ آب و کولر,5.0%,2.0%
ابزارآلات و تجهیزات خودرو,تاسیسات,تلمبه,5.0%,2.0%
ابزارآلات و تجهیزات خودرو,تاسیسات,رادیاتور,5.0%,2.0%
ابزارآلات و تجهیزات خودرو,تاسیسات,شلنگ,8.0%,3.0%
ابزارآلات و تجهیزات خودرو,تاسیسات,شیرآلات,5.5%,2.0%
ابزارآلات و تجهیزات خودرو,تاسیسات,لوله و اتصالات,5.0%,2.0%
ابزارآلات و تجهیزات خودرو,تاسیسات,سایر لوازم تاسیسات,5.5%,3.0%
ابزارآلات و تجهیزات خودرو,تجهیزات ایمنی و کار,دستکش کار,7.0%,3.0%
ابزارآلات و تجهیزات خودرو,تجهیزات ایمنی و کار,عینک و کلاه ایمنی,7.0%,3.0%
ابزارآلات و تجهیزات خودرو,تجهیزات ایمنی و کار,کپسول آتش نشانی,6.5%,2.0%
ابزارآلات و تجهیزات خودرو,تجهیزات ایمنی و کار,کفش ایمنی,7.0%,3.0%
ابزارآلات و تجهیزات خودرو,تجهیزات ایمنی و کار,لباس کار,7.0%,3.0%
ابزارآلات و تجهیزات خودرو,تجهیزات ایمنی و کار,سایر تجهیزات ایمنی و کار,7.5%,4.0%
ابزارآلات و تجهیزات خودرو,حفاظتی و امنیتی,درب ورودی,6.0%,2.0%
ابزارآلات و تجهیزات خودرو,حفاظتی و امنیتی,دستگیره درب و کمد,7.0%,3.0%
ابزارآلات و تجهیزات خودرو,حفاظتی و امنیتی,قفل,7.0%,3.0%
ابزارآلات و تجهیزات خودرو,حفاظتی و امنیتی,گاوصندوق,7.0%,3.0%
ابزارآلات و تجهیزات خودرو,لوازم باغبانی,تبر، بیل و کلنگ,5.5%,2.0%
ابزارآلات و تجهیزات خودرو,لوازم باغبانی,سمپاش,5.5%,2.0%
ابزارآلات و تجهیزات خودرو,لوازم باغبانی,علف زن و چمن زن,5.5%,2.0%
ابزارآلات و تجهیزات خودرو,لوازم باغبانی,فرغون,5.5%,2.0%
ابزارآلات و تجهیزات خودرو,لوازم باغبانی,قیچی‌، چاقو و ابزار باغبانی,5.5%,2.0%
ابزارآلات و تجهیزات خودرو,لوازم باغبانی,لوازم آبیاری,5.5%,2.0%
ابزارآلات و تجهیزات خودرو,لوازم باغبانی,لوازم تزئینی باغبانی,5.5%,2.0%
ابزارآلات و تجهیزات خودرو,لوازم باغبانی,لوازم زنبورداری,5.5%,2.0%
ابزارآلات و تجهیزات خودرو,لوازم باغبانی,موتور برق,5.5%,2.0%
ابزارآلات و تجهیزات خودرو,لوازم باغبانی,سایر لوازم باغبانی,7.0%,4.0%
ابزارآلات و تجهیزات خودرو,لوازم جانبی خودرو,کمپرسور باد,6.5%,2.0%
ابزارآلات و تجهیزات خودرو,لوازم جانبی خودرو,پد و دستمال نظافت خودرو,7.0%,3.0%
ابزارآلات و تجهیزات خودرو,لوازم جانبی خودرو,تجهیزات بیرونی خودرو,6.5%,2.0%
ابزارآلات و تجهیزات خودرو,لوازم جانبی خودرو,تجهیزات راحتی خودرو,6.5%,2.0%
ابزارآلات و تجهیزات خودرو,لوازم جانبی خودرو,جاسوئیچی,8.0%,3.0%
ابزارآلات و تجهیزات خودرو,لوازم جانبی خودرو,جک خودرو,6.5%,2.0%
ابزارآلات و تجهیزات خودرو,لوازم جانبی خودرو,خوشبو کننده و تصفیه هوای خودرو,7.0%,3.0%
ابزارآلات و تجهیزات خودرو,لوازم جانبی خودرو,دزدگیر خودرو,6.5%,2.0%
ابزارآلات و تجهیزات خودرو,لوازم جانبی خودرو,ردیاب خودرو,6.5%,2.0%
ابزارآلات و تجهیزات خودرو,لوازم جانبی خودرو,روکش داشبورد و فرمان,6.5%,2.0%
ابزارآلات و تجهیزات خودرو,لوازم جانبی خودرو,روکش صندلی خودرو,6.5%,2.0%
ابزارآلات و تجهیزات خودرو,لوازم جانبی خودرو,زنجیر چرخ,6.5%,2.0%
ابزارآلات و تجهیزات خودرو,لوازم جانبی خودرو,سایر لوازم خودرو,8.0%,3.0%
ابزارآلات و تجهیزات خودرو,لوازم جانبی خودرو,سر اگزوز,6.5%,2.0%
ابزارآلات و تجهیزات خودرو,لوازم جانبی خودرو,صوتی تصویری خودرو,6.5%,2.0%
ابزارآلات و تجهیزات خودرو,لوازم جانبی خودرو,قفل خودرو,6.5%,2.0%
ابزارآلات و تجهیزات خودرو,لوازم جانبی خودرو,کارواش,6.5%,2.0%
ابزارآلات و تجهیزات خودرو,لوازم جانبی خودرو,کفپوش خودرو,7.0%,3.0%
ابزارآلات و تجهیزات خودرو,لوازم جانبی خودرو,نظم دهنده خودرو,7.0%,3.0%
ابزارآلات و تجهیزات خودرو,لوازم جانبی خودرو,واکس و پولیش خودرو,7.0%,3.0%
ابزارآلات و تجهیزات خودرو,لوازم جانبی موتور سیکلت,تجهیزات ایمنی موتورسواری,7.0%,3.0%
ابزارآلات و تجهیزات خودرو,لوازم جانبی موتور سیکلت,سایر لوازم جانبی موتور,7.0%,3.0%
ابزارآلات و تجهیزات خودرو,لوازم جانبی موتور سیکلت,ملزومات باربری موتور,6.5%,2.0%
ابزارآلات و تجهیزات خودرو,لوازم مصرفی خودرو,تیغه برف پاک کن,6.5%,2.0%
ابزارآلات و تجهیزات خودرو,لوازم مصرفی خودرو,روغن خودرو,6.0%,2.0%
ابزارآلات و تجهیزات خودرو,لوازم مصرفی خودرو,ضدیخ و آب رادیاتور,6.0%,2.0%
ابزارآلات و تجهیزات خودرو,لوازم مصرفی خودرو,فیلتر خودرو,6.0%,2.0%
ابزارآلات و تجهیزات خودرو,لوازم مصرفی خودرو,مکمل سوخت خودرو,6.5%,2.0%
ابزارآلات و تجهیزات خودرو,لوازم مصرفی خودرو,سایر لوازم مصرفی خودرو,7.0%,4.0%
ابزارآلات و تجهیزات خودرو,لوازم و یراق آلات ساختمانی,پوستر و کاغذ دیواری,7.0%,3.0%
ابزارآلات و تجهیزات خودرو,لوازم و یراق آلات ساختمانی,پوشش کف و سقف,7.0%,3.0%
ابزارآلات و تجهیزات خودرو,لوازم و یراق آلات ساختمانی,ابزار نقاشی ساختمان,7.0%,3.0%
ابزارآلات و تجهیزات خودرو,لوازم و یراق آلات ساختمانی,رنگ و اسپری ساختمان,7.0%,3.0%
ابزارآلات و تجهیزات خودرو,لوازم و یراق آلات ساختمانی,کابینت,6.0%,2.0%
ابزارآلات و تجهیزات خودرو,لوازم و یراق آلات ساختمانی,کفشور,7.0%,3.0%
ابزارآلات و تجهیزات خودرو,لوازم و یراق آلات ساختمانی,لولا و آرام بند,7.0%,3.0%
ابزارآلات و تجهیزات خودرو,لوازم و یراق آلات ساختمانی,مصالح ساختمانی,6.0%,2.0%
ابزارآلات و تجهیزات خودرو,لوازم و یراق آلات ساختمانی,سایر لوازم و یراق آلات ساختمانی,7.5%,3.0%
ابزارآلات و تجهیزات خودرو,لوازم یدکی خودرو,آینه خودرو,6.5%,2.0%
ابزارآلات و تجهیزات خودرو,لوازم یدکی خودرو,استپر موتور خودرو,6.5%,2.0%
ابزارآلات و تجهیزات خودرو,لوازم یدکی خودرو,باتری، دینام و استارت,6.5%,2.0%
ابزارآلات و تجهیزات خودرو,لوازم یدکی خودرو,بلبرینگ و کاسه نمد,6.5%,2.0%
ابزارآلات و تجهیزات خودرو,لوازم یدکی خودرو,بوش و پیستون,6.5%,2.0%
ابزارآلات و تجهیزات خودرو,لوازم یدکی خودرو,پلوس، سرپلوس و مشعلی,6.5%,2.0%
ابزارآلات و تجهیزات خودرو,لوازم یدکی خودرو,جلوبندی و تعلیق خودرو,6.5%,2.0%
ابزارآلات و تجهیزات خودرو,لوازم یدکی خودرو,پمپ و باک خودرو,6.5%,2.0%
ابزارآلات و تجهیزات خودرو,لوازم یدکی خودرو,تسمه تایم و هرزگرد,6.5%,2.0%
ابزارآلات و تجهیزات خودرو,لوازم یدکی خودرو,جلو پنجره و قاب پلاک,6.5%,2.0%
ابزارآلات و تجهیزات خودرو,لوازم یدکی خودرو,حسگر و سنسور خودرو,6.5%,2.0%
ابزارآلات و تجهیزات خودرو,لوازم یدکی خودرو,دیسک و صفحه خودرو,6.5%,2.0%
ابزارآلات و تجهیزات خودرو,لوازم یدکی خودرو,رینگ و قالپاق خودرو,6.5%,2.0%
ابزارآلات و تجهیزات خودرو,لوازم یدکی خودرو,سپر و بال خودرو,6.5%,2.0%
ابزارآلات و تجهیزات خودرو,لوازم یدکی خودرو,سرسیلندر و واشر سرسیلندر,6.5%,2.0%
ابزارآلات و تجهیزات خودرو,لوازم یدکی خودرو,سیم کلاچ و ترمز خودرو,6.5%,2.0%
ابزارآلات و تجهیزات خودرو,لوازم یدکی خودرو,شیشه بالابر خودرو,6.5%,2.0%
ابزارآلات و تجهیزات خودرو,لوازم یدکی خودرو,فن و رادیاتور خودرو,6.5%,2.0%
ابزارآلات و تجهیزات خودرو,لوازم یدکی خودرو,کاپوت و گلگیر,6.5%,2.0%
ابزارآلات و تجهیزات خودرو,لوازم یدکی خودرو,کمک فنر,6.5%,2.0%
ابزارآلات و تجهیزات خودرو,لوازم یدکی خودرو,کوئل، شمع و وایر شمع,6.5%,2.0%
ابزارآلات و تجهیزات خودرو,لوازم یدکی خودرو,لاستیک خودرو,2.0%,1.0%
ابزارآلات و تجهیزات خودرو,لوازم یدکی خودرو,لامپ و چراغ خودرو,6.5%,2.0%
ابزارآلات و تجهیزات خودرو,لوازم یدکی خودرو,لنت ترمز خودرو,6.5%,2.0%
ابزارآلات و تجهیزات خودرو,لوازم یدکی خودرو,میل لنگ و میل سوپاپ,6.5%,2.0%
ابزارآلات و تجهیزات خودرو,لوازم یدکی خودرو,سایر لوازم یدکی خودرو,7.0%,3.0%
ابزارآلات و تجهیزات خودرو,لوازم یدکی موتور سیکلت,اگزوز موتور,6.5%,2.0%
ابزارآلات و تجهیزات خودرو,لوازم یدکی موتور سیکلت,باتری موتور سیکلت,6.5%,2.0%
ابزارآلات و تجهیزات خودرو,لوازم یدکی موتور سیکلت,باک موتور,6.5%,2.0%
ابزارآلات و تجهیزات خودرو,لوازم یدکی موتور سیکلت,سایر لوازم یدکی موتورسیکلت,7.0%,2.0%
ابزارآلات و تجهیزات خودرو,لوازم یدکی موتور سیکلت,شمع موتور سیکلت,6.5%,2.0%
ابزارآلات و تجهیزات خودرو,لوازم یدکی موتور سیکلت,صفحه کلاچ موتور,6.5%,2.0%
ابزارآلات و تجهیزات خودرو,لوازم یدکی موتور سیکلت,کاربراتور موتور سیکلت,6.5%,2.0%
ابزارآلات و تجهیزات خودرو,لوازم یدکی موتور سیکلت,کیلومتر موتور,6.5%,2.0%
ابزارآلات و تجهیزات خودرو,لوازم یدکی موتور سیکلت,لاستیک موتور,6.5%,2.0%
ابزارآلات و تجهیزات خودرو,لوازم یدکی موتور سیکلت,لامپ و چراغ موتور سیکلت,6.5%,2.0%
ابزارآلات و تجهیزات خودرو,لوازم یدکی موتور سیکلت,لنت ترمز موتور سیکلت,6.5%,2.0%
ابزارآلات و تجهیزات خودرو,موتور سیکلت,موتور سیکلت برقی,2.0%,1.0%
طلا و نقره,طلا,النگو,3.0%,-
طلا و نقره,طلا,دستبند,3.0%,-
طلا و نقره,طلا,نیم ست,3.0%,-
طلا و نقره,طلا,سرویس,3.0%,-
طلا و نقره,طلا,انگشتر,3.0%,-
طلا و نقره,طلا,گردنبند,3.0%,-
طلا و نقره,طلا,زنجیر,3.0%,-
طلا و نقره,طلا,گوشواره,3.0%,-
طلا و نقره,طلا,پلاک (آویز),3.0%,-
طلا و نقره,طلا,پابند,3.0%,-
طلا و نقره,طلا,اکسسوری طلا,3.0%,-
طلا و نقره,طلا,شمش و پلاک طلا,2.0%,-
طلا و نقره,طلا,طلا آب‌شده,2.0%,-
طلا و نقره,نقره,شمش نقره,10.0%,-
سایر,سایر,سایر,16.0%,-